id;registration_number;full_name_arabic;full_name_latin;email;phone_number;estatus_titulo
1;7296;THX;navigating Credit Card Account;Jamie_Collier59@hotmail.com;5th generation generating bypassing;EXPEDIDO
2;58402;USB THX Lead;interface next generation National;Hiram.Effertz3@gmail.com;Keyboard;FIRMADO
3;82732;Global markets ivory;calculating;Maci_Johnston@gmail.com;HDD Refined grow;FIRMADO
4;10225;Wooden Louisiana Upgradable;Berkshire Kansas Avon;Adaline68@yahoo.com;Italy Awesome;FIRMADO
5;63899;Rest;Self-enabling Libyan Dinar Home;Muhammad.Rogahn42@gmail.com;Yen;EXPEDIDO
6;25086;Clothing Strategist;ubiquitous;Alice.Larson64@hotmail.com;hybrid Incredible interface;EXPEDIDO
7;64280;Berkshire Cambridgeshire;gold transmitting;Daisy11@yahoo.com;Practical Metal Soap bypass Steel;FIRMADO
8;37100;payment card connecting;driver;Cielo46@yahoo.com;Practical;FIRMADO
9;89213;Sports IB Plastic;Factors world-class;Emmie.Watsica34@yahoo.com;Multi-channelled Bedfordshire;FIRMADO
10;87672;Rapids;Metal Handcrafted Paradigm;Lorine.Casper@yahoo.com;programming impactful;FIRMADO
